stratum,policy compliance
1,0.34562212
2,0.439631336
3,0.473732719
4,0.493087558
5,0.532718894
6,0.532718894