stratum,mask usage
1,0.580645161
2,0.675576037
3,0.776036866
4,0.726267281
5,0.776036866
6,0.776036866